TTI,UE_1,UE_2,UE_3,UE_4,UE_5,UE_6,UE_7,UE_8,UE_9,UE_10,UE_11,UE_12
1,11,12,11,15,7,10,8,9,0,4,1,3
2,11,14,13,15,7,9,10,10,4,3,3,1
3,13,15,12,12,5,5,6,9,2,4,0,3
4,12,15,14,11,8,9,6,10,2,3,4,1
5,13,15,12,12,10,10,10,10,1,3,0,4
6,11,13,15,15,9,9,6,9,1,1,3,1
7,12,13,14,11,9,5,8,7,0,3,3,2
8,14,14,15,15,9,6,5,7,0,3,2,1
9,15,13,12,12,8,5,10,8,1,3,3,3
10,11,12,12,15,7,9,7,9,4,3,1,4
11,14,14,15,13,6,5,5,10,0,1,4,2
12,11,13,13,14,8,10,10,8,1,2,2,4
13,15,13,13,11,9,9,10,7,1,1,3,1
14,13,13,14,13,8,7,7,8,3,1,0,4
15,12,12,15,11,8,9,5,5,0,1,3,2
16,14,11,12,14,7,9,5,10,0,1,4,4
17,14,15,12,12,8,8,5,5,4,2,2,0
18,11,15,14,14,7,7,5,8,1,1,1,3
19,13,15,13,15,8,5,8,6,0,0,0,1
20,13,13,13,13,7,6,10,6,0,0,3,0
21,13,13,15,15,8,10,9,7,2,3,2,3
22,11,12,11,12,8,5,8,7,3,1,3,4
23,13,11,15,14,9,7,8,5,1,3,2,2
24,14,14,13,15,9,5,9,10,2,3,1,4
25,14,15,11,13,8,5,7,10,3,3,4,4
26,15,14,11,11,8,8,10,6,3,1,0,4
27,15,12,15,15,9,6,7,6,1,0,1,4
28,11,11,11,15,5,6,9,5,4,0,1,1
29,12,11,14,11,8,6,5,10,2,3,1,3
30,15,11,12,13,10,7,8,9,4,1,3,0
31,12,14,13,12,9,5,7,6,4,1,3,2
32,13,13,13,15,7,6,10,10,4,3,2,4
33,12,11,15,13,5,8,10,7,1,1,4,1
34,13,13,15,12,10,6,8,7,3,4,3,4
35,12,15,15,15,5,9,10,5,4,4,0,4
36,14,11,14,12,8,9,8,9,3,0,3,2
37,11,13,11,13,10,8,9,5,0,3,1,0
38,14,11,14,12,7,9,8,7,0,1,2,1
39,14,15,15,15,10,7,7,10,0,3,3,1
40,12,13,13,13,9,8,6,6,2,1,0,4
41,14,15,11,12,10,7,5,9,4,1,2,1
42,13,14,13,15,8,8,9,9,1,3,2,0
43,14,15,14,11,5,10,8,6,1,4,4,2
44,13,12,11,13,9,9,6,8,1,4,0,4
45,14,15,12,14,10,9,8,10,4,4,2,1
46,12,14,15,14,9,6,6,7,4,4,2,0
47,14,12,15,12,8,5,9,6,3,2,0,0
48,13,12,15,11,5,10,9,7,0,0,3,4
49,15,13,12,15,10,10,9,8,4,0,0,4
50,12,14,15,11,9,6,7,10,3,4,0,4
51,14,13,11,14,9,6,5,10,2,3,2,2
52,15,11,12,11,8,10,9,7,3,4,3,1
53,12,15,14,15,10,6,9,9,4,3,0,4
54,14,14,12,12,10,9,5,10,4,1,2,4
55,13,13,14,11,5,8,7,5,1,1,4,4
56,11,12,13,15,9,8,8,10,4,4,3,2
57,14,14,11,12,8,6,5,9,1,2,2,1
58,15,14,15,15,10,6,9,9,4,1,3,2
59,13,12,15,11,9,9,7,5,4,2,4,4
60,11,15,11,11,10,8,5,10,0,4,0,4
61,14,12,13,13,5,9,6,5,2,0,3,3
62,11,11,14,15,9,7,7,6,1,4,4,3
63,14,11,12,15,9,7,9,5,4,1,0,2
64,13,11,14,12,5,7,7,10,2,2,3,1
65,11,14,14,12,6,8,5,6,2,0,4,3
66,11,13,12,11,8,7,9,5,2,3,4,4
67,14,11,15,15,5,8,8,5,3,0,2,3
68,14,12,15,15,6,7,8,6,4,3,0,3
69,13,15,14,15,7,10,5,7,0,3,4,2
70,12,15,14,11,8,7,7,9,2,0,2,3
71,14,12,11,14,6,5,6,7,1,3,4,2
72,11,15,12,15,10,7,9,5,1,4,2,4
73,15,11,14,12,7,8,8,10,0,1,1,4
74,15,13,12,15,6,7,5,9,2,2,2,4
75,12,15,12,15,8,5,10,10,3,4,4,2
76,13,12,13,15,7,7,7,8,3,2,0,3
77,11,14,12,14,10,7,8,10,3,3,4,2
78,14,15,11,12,5,9,5,7,1,1,3,0
79,15,12,15,13,6,10,9,8,0,1,2,4
80,14,14,13,14,7,10,8,7,1,0,0,1
81,15,13,15,12,6,9,10,5,1,3,2,1
82,13,12,11,14,5,7,8,8,2,1,1,2
83,15,11,11,15,10,5,6,10,0,0,0,1
84,11,12,15,12,8,8,9,7,0,2,2,4
85,13,14,13,11,9,6,8,7,2,3,4,0
86,15,12,13,12,9,10,6,9,4,1,2,1
87,15,15,13,13,10,8,9,10,1,4,2,0
88,12,15,13,15,10,8,8,10,1,0,4,2
89,13,14,14,12,6,5,6,7,1,0,1,3
90,12,13,14,12,6,8,7,9,1,0,1,2
91,11,15,15,11,5,9,6,9,0,1,2,3
92,15,14,12,14,5,5,8,7,0,1,4,2
93,15,13,14,15,5,8,9,9,0,1,2,0
94,12,11,12,11,7,7,5,5,4,0,2,4
95,14,15,11,15,5,7,9,10,2,2,3,1
96,15,13,14,13,6,5,8,8,2,3,0,2
97,12,13,14,12,6,6,5,9,2,2,0,2
98,15,15,13,15,6,5,9,6,0,2,3,2
99,15,13,13,12,9,9,10,10,3,4,4,0
100,13,11,12,13,7,7,7,5,0,1,1,0
101,13,14,13,13,7,9,5,7,1,1,0,3
102,14,13,15,13,10,5,9,8,0,4,4,1
103,12,14,12,13,10,9,8,5,3,2,0,0
104,11,11,14,13,10,6,9,8,3,0,2,1
105,13,13,11,13,6,9,5,5,4,2,3,0
106,11,11,11,12,8,10,10,7,4,2,3,2
107,13,12,13,12,10,6,10,10,0,4,0,3
108,15,14,12,14,5,9,10,5,1,2,4,1
109,12,13,11,11,10,9,5,8,2,1,3,0
110,13,11,15,15,6,8,10,9,2,2,0,1
111,15,13,13,13,8,5,10,10,3,2,3,4
112,11,14,15,15,10,5,7,9,1,3,2,0
113,14,15,15,14,7,10,8,10,1,2,4,4
114,12,15,12,14,7,8,10,7,3,1,0,2
115,13,12,11,12,6,10,6,5,4,2,1,2
116,15,13,11,12,9,9,5,7,2,4,2,4
117,12,15,11,14,10,10,8,8,4,4,0,0
118,11,14,12,15,9,6,10,8,4,1,1,1
119,12,15,13,11,5,6,8,9,3,0,1,2
120,11,15,12,11,7,7,7,5,4,1,0,1
121,12,13,12,11,7,6,7,8,2,0,4,4
122,11,12,13,11,8,7,5,5,1,3,4,1
123,14,11,11,15,8,6,6,6,2,3,3,2
124,14,14,13,14,9,7,9,7,4,0,4,3
125,11,15,13,11,9,5,6,6,2,4,1,1
126,14,12,11,15,9,10,7,9,2,0,4,0
127,14,11,11,13,8,6,10,6,0,1,0,2
128,11,15,14,11,9,6,8,10,1,1,3,2
129,13,14,13,15,9,10,7,10,1,0,2,1
130,13,11,14,15,8,5,5,7,0,1,2,2
131,15,11,15,11,5,8,8,7,2,0,1,3
132,15,12,14,11,5,7,6,9,1,4,2,3
133,13,13,14,12,8,10,5,6,4,3,0,3
134,12,14,14,12,9,8,5,10,2,1,1,2
135,13,12,12,12,6,10,7,10,4,0,2,3
136,11,15,11,14,5,6,7,10,1,3,0,1
137,11,11,15,12,10,7,5,8,4,1,0,1
138,12,12,11,13,8,7,5,6,4,2,3,2
139,11,13,15,13,10,5,10,6,3,1,4,0
140,13,14,14,13,5,7,9,10,1,3,2,2
141,14,15,12,14,8,8,6,7,1,0,1,4
142,11,14,11,15,6,7,5,7,0,0,1,0
143,11,15,11,11,5,10,10,9,1,1,3,4
144,14,13,14,12,7,5,6,5,2,1,1,1
145,12,14,11,14,9,7,5,9,4,0,3,3
146,15,12,13,14,7,6,9,8,4,0,0,3
147,13,14,11,11,7,5,6,9,1,3,0,0
148,15,13,12,12,9,10,5,6,0,0,4,1
149,13,11,15,15,9,8,9,8,1,3,4,1
150,14,12,13,15,6,8,9,8,3,2,2,1
151,11,13,11,11,7,9,6,7,0,2,0,4
152,15,12,13,13,6,7,10,9,1,4,3,1
153,11,11,13,15,9,9,8,7,4,0,2,3
154,11,12,14,13,8,8,5,5,3,4,3,1
155,15,14,12,13,8,5,5,7,0,2,0,2
156,13,15,14,13,8,8,6,8,1,4,4,4
157,11,14,15,14,6,7,6,6,4,3,3,4
158,14,11,12,14,5,7,8,7,0,0,1,2
159,14,12,12,12,10,7,9,8,1,4,0,0
160,12,11,13,14,5,6,5,5,3,0,3,2
161,13,11,11,15,10,5,9,8,4,1,1,0
162,13,12,15,15,8,8,5,9,4,2,2,1
163,15,13,12,11,8,6,7,6,0,1,4,3
164,12,12,13,11,7,6,6,6,1,1,2,4
165,15,12,12,13,6,8,7,6,3,3,1,0
166,15,12,12,12,6,5,8,7,3,0,3,0
167,14,11,11,12,10,6,9,9,4,0,2,0
168,12,11,13,15,8,9,8,10,3,3,2,3
169,14,14,11,12,6,10,7,8,1,2,3,3
170,12,13,11,15,9,9,9,9,0,0,1,1
171,14,12,11,14,10,8,6,6,1,3,3,4
172,14,13,12,11,7,8,6,7,2,1,3,1
173,11,12,11,15,10,7,7,8,0,0,3,1
174,12,12,13,14,8,6,5,5,3,4,2,2
175,15,11,14,11,10,10,7,6,0,4,0,0
176,11,14,11,12,5,10,10,6,2,4,2,1
177,13,14,11,13,7,8,5,7,4,0,4,0
178,12,11,15,13,9,10,7,9,4,0,4,2
179,11,12,13,15,9,6,6,5,4,2,0,1
180,12,14,15,12,7,9,10,9,3,4,4,3
181,11,14,15,13,7,5,5,9,4,4,1,3
182,11,14,13,12,5,10,5,7,2,3,1,1
183,13,12,14,11,6,10,6,10,2,3,0,3
184,11,14,15,12,8,8,6,10,1,1,0,0
185,13,15,13,15,6,7,8,7,4,2,4,4
186,13,13,15,14,8,5,10,5,1,0,1,4
187,15,11,12,14,5,10,5,7,2,1,1,3
188,15,11,12,15,6,10,5,7,3,4,2,1
189,12,14,15,13,10,9,8,9,1,4,4,3
190,15,15,11,15,6,9,7,10,3,0,1,0
191,11,13,14,13,6,6,8,6,0,0,4,0
192,15,12,13,11,10,6,7,9,0,1,1,3
193,11,12,15,14,5,7,6,7,4,3,4,3
194,12,13,12,12,7,6,9,9,4,3,1,1
195,13,14,13,12,10,7,8,10,3,0,2,4
196,13,15,13,11,9,9,9,5,3,4,0,4
197,11,15,14,12,5,6,6,10,2,3,0,3
198,11,15,14,15,8,8,9,7,3,4,3,0
199,14,11,12,11,10,9,5,5,3,0,2,1
200,12,12,15,11,9,5,8,6,2,3,3,3
201,12,15,11,15,8,5,5,10,3,0,3,3
202,12,13,12,12,5,9,7,5,2,1,1,0
203,15,11,14,15,8,8,7,7,0,4,4,2
204,13,14,15,15,9,9,7,10,1,0,1,4
205,11,11,12,13,10,9,9,10,2,1,3,3
206,15,15,14,15,6,6,6,7,1,1,3,0
207,11,15,14,12,8,6,7,7,1,0,2,4
208,15,12,12,13,8,8,5,10,0,2,4,1
209,11,14,13,15,5,10,9,9,3,0,0,4
210,11,15,14,11,9,9,6,6,0,0,4,0
211,12,15,13,11,6,5,7,6,4,0,4,4
212,14,11,12,14,10,5,6,10,1,2,2,2
213,13,13,11,15,10,5,10,6,0,3,4,3
214,11,14,12,11,7,7,10,6,0,2,1,1
215,12,13,14,13,5,7,5,9,1,2,0,3
216,12,15,14,12,6,9,10,7,1,1,2,4
217,11,12,15,12,5,10,10,10,2,4,0,2
218,12,11,13,12,9,9,5,10,0,3,1,2
219,11,15,14,14,8,7,8,10,0,1,0,3
220,15,13,13,11,9,7,8,5,4,1,3,3
221,12,12,15,12,5,5,9,5,3,3,3,0
222,11,15,13,13,5,6,9,8,2,4,1,2
223,13,11,11,13,5,9,9,5,3,3,1,3
224,12,11,13,11,9,9,8,9,0,4,3,1
225,13,11,13,14,9,7,7,5,3,4,0,3
226,11,14,11,12,7,6,8,6,0,3,4,0
227,11,11,12,14,8,6,7,8,4,0,4,0
228,15,11,11,12,5,6,7,9,4,4,0,4
229,14,15,14,12,7,8,5,5,0,3,3,0
230,13,13,12,15,7,8,10,7,2,1,2,1
231,14,14,11,11,10,6,7,5,4,1,2,0
232,15,14,14,11,5,9,10,10,4,2,3,3
233,13,13,12,15,8,5,9,7,2,4,2,2
234,12,11,11,11,6,9,9,6,2,4,1,0
235,13,11,11,15,7,10,10,8,2,4,3,0
236,11,11,11,11,10,6,10,9,3,3,1,3
237,11,13,11,12,7,8,9,8,0,0,2,2
238,13,15,12,14,6,5,9,7,1,1,3,3
239,11,15,15,15,7,5,6,9,3,4,4,0
240,14,12,11,14,10,8,9,10,3,0,0,4
241,11,15,12,12,9,6,8,6,0,3,0,0
242,12,15,15,14,10,9,5,10,0,1,3,0
243,11,12,13,15,10,6,7,8,2,2,2,3
244,12,11,15,15,5,9,5,10,4,3,2,1
245,13,13,15,12,5,5,6,8,4,0,2,1
246,15,12,12,15,10,9,6,6,3,2,2,3
247,13,12,13,14,9,9,6,7,3,2,1,2
248,13,13,12,14,9,5,9,5,1,2,4,0
249,12,13,12,12,7,6,5,7,0,2,3,3
250,11,13,12,13,7,5,7,9,1,1,0,4
251,15,14,14,13,9,9,9,9,2,3,2,4
252,15,11,15,11,5,10,10,10,0,3,1,3
253,12,14,13,12,8,5,5,8,4,4,4,0
254,13,13,13,11,10,9,10,8,1,3,4,3
255,11,13,14,13,6,7,8,7,4,1,3,1
256,14,14,13,11,10,9,8,6,4,0,0,4
257,15,13,15,14,9,8,8,9,1,1,0,3
258,12,15,14,14,10,5,9,7,1,2,1,3
259,11,14,14,13,5,9,6,7,3,0,0,0
260,15,11,12,14,8,10,6,5,4,4,1,0
261,13,15,12,13,9,7,7,6,2,0,1,1
262,13,14,11,13,6,9,10,8,0,0,4,3
263,13,13,15,11,5,9,5,7,0,3,3,0
264,13,14,13,15,9,6,5,9,3,2,4,1
265,15,12,12,13,9,8,10,8,4,4,2,2
266,12,14,15,12,8,9,6,8,2,1,1,2
267,14,13,12,11,10,8,7,10,2,4,1,0
268,11,13,15,15,6,6,8,9,0,1,3,1
269,13,15,12,12,5,5,8,5,4,1,4,3
270,12,11,12,11,9,7,8,9,2,4,1,0
271,13,14,12,13,5,5,8,9,4,4,0,2
272,11,11,15,14,5,10,5,5,3,3,1,0
273,14,11,11,12,10,8,10,7,2,3,3,1
274,12,15,14,11,9,5,5,5,2,2,1,0
275,12,15,12,12,9,10,6,7,0,3,1,3
276,14,15,13,14,7,8,8,8,4,1,2,0
277,15,13,14,11,8,7,10,7,4,4,4,4
278,15,15,12,14,10,7,6,6,3,0,1,2
279,11,12,11,15,7,5,8,7,4,1,4,2
280,11,13,14,13,5,8,10,8,2,2,3,0
281,14,15,14,12,7,5,10,7,1,4,1,1
282,14,12,12,13,5,6,5,10,3,0,2,2
283,12,15,13,13,9,5,10,7,4,2,3,3
284,11,13,11,11,9,5,9,9,2,2,0,1
285,15,12,12,14,10,8,6,9,0,4,1,2
286,15,14,14,15,5,7,10,8,3,4,0,2
287,15,14,14,12,10,7,9,9,2,2,4,4
288,13,12,11,15,8,8,5,9,0,1,3,4
289,15,14,12,15,5,6,8,10,0,3,4,1
290,15,13,15,15,10,9,9,6,1,3,4,1
291,11,13,13,15,9,8,9,5,1,4,1,4
292,13,13,13,12,7,6,10,9,2,1,2,4
293,11,13,15,11,5,7,6,8,4,3,3,4
294,12,13,12,12,8,5,10,6,3,0,1,4
295,15,14,15,11,7,8,9,5,4,2,3,0
296,11,15,13,11,6,7,10,9,1,3,1,0
297,15,12,12,11,8,7,8,9,0,1,4,1
298,11,15,12,11,9,7,9,10,3,2,1,0
299,14,12,14,11,6,5,10,8,1,1,1,2
300,14,15,13,14,10,9,5,6,3,0,2,3
301,15,14,11,15,8,10,10,5,4,2,0,2
302,15,11,13,11,8,5,9,7,1,0,1,0
303,12,14,15,12,6,8,8,9,3,4,1,0
304,15,12,11,14,6,10,7,5,2,3,2,2
305,13,13,15,14,9,8,9,8,3,2,2,1
306,12,11,12,11,6,8,7,9,1,4,1,1
307,13,15,14,13,7,7,8,8,2,0,3,3
308,12,15,14,12,8,9,8,10,3,2,2,3
309,14,13,15,15,6,7,10,5,3,0,3,3
310,13,12,15,15,6,6,5,10,0,1,2,2
311,12,13,14,13,7,9,9,10,1,3,1,2
312,11,12,12,13,5,7,10,8,4,0,2,3
313,12,13,11,11,5,5,8,8,1,2,0,0
314,14,15,13,12,5,6,9,8,0,4,3,1
315,12,11,12,13,9,7,5,7,0,2,2,3
316,14,11,14,13,6,8,7,6,2,2,0,1
317,15,14,12,14,9,6,10,9,3,4,0,1
318,12,15,13,15,7,9,10,7,2,3,3,2
319,15,12,15,15,10,8,10,8,1,2,1,2
320,13,12,15,15,8,8,8,5,2,1,2,3
321,12,13,12,12,5,5,7,8,1,4,0,0
322,11,14,14,13,8,9,10,8,3,4,3,2
323,13,13,13,14,10,10,7,8,0,0,4,2
324,13,11,15,12,5,6,5,7,1,2,4,0
325,14,13,13,11,7,5,9,6,1,1,2,3
326,13,13,14,12,5,9,7,7,1,3,1,4
327,11,12,13,11,5,9,6,10,2,4,0,1
328,11,13,11,15,5,9,9,6,4,4,1,0
329,15,14,11,14,8,5,9,7,1,0,3,0
330,15,13,15,13,6,5,6,7,0,4,0,0
331,11,13,13,13,5,8,10,8,1,0,4,0
332,14,14,12,11,9,8,7,10,2,1,3,1
333,14,15,15,11,9,10,9,6,3,3,0,3
334,11,14,12,12,6,7,10,5,1,0,3,3
335,14,12,14,14,9,6,9,5,4,4,3,4
336,13,13,14,13,6,9,6,6,4,1,3,0
337,12,12,15,13,6,7,10,10,0,0,3,0
338,14,14,13,13,10,9,9,9,1,3,1,4
339,14,13,14,13,10,5,5,10,1,0,2,4
340,15,11,11,15,10,8,10,8,0,4,1,2
341,12,11,12,12,8,8,9,6,0,1,1,3
342,14,11,15,13,7,10,9,10,1,3,4,3
343,15,13,11,15,7,6,7,8,4,0,1,2
344,14,15,12,14,9,9,10,7,4,4,4,1
345,14,12,12,13,10,9,9,10,2,4,2,2
346,11,15,14,14,6,10,6,9,1,2,4,4
347,12,14,12,11,5,6,5,7,4,4,0,3
348,13,14,15,14,6,8,8,10,2,0,1,0
349,11,11,12,13,5,6,6,9,0,2,1,3
350,11,15,15,12,7,9,6,10,1,2,2,2
351,12,15,12,15,5,7,7,10,4,3,2,2
352,15,13,11,13,5,6,6,10,3,2,1,3
353,15,13,15,12,6,10,5,8,2,1,4,0
354,12,11,14,15,6,6,6,9,0,4,3,0
355,14,11,13,15,7,5,7,5,3,1,1,0
356,11,12,12,13,9,9,7,9,1,2,3,3
357,11,15,14,14,8,8,8,5,4,2,2,3
358,11,13,15,11,8,6,8,10,0,3,1,1
359,11,14,14,15,7,10,7,9,1,0,4,1
360,13,13,11,11,10,6,6,9,3,1,0,2
361,11,11,11,15,5,5,9,10,2,0,1,3
362,15,12,11,14,8,7,10,6,3,3,0,0
363,13,13,15,15,5,6,8,6,1,2,1,4
364,12,15,14,14,7,6,5,6,1,0,4,2
365,15,12,14,14,8,6,8,8,0,2,1,3
366,14,12,13,12,8,6,10,10,4,1,3,4
367,13,11,11,12,6,10,8,8,0,1,4,1
368,14,13,14,11,8,5,6,5,1,1,2,3
369,15,12,12,13,5,8,7,8,1,1,4,2
370,11,12,15,15,8,6,8,8,2,3,2,2
371,14,12,11,14,10,10,10,5,2,2,4,0
372,12,15,11,13,8,5,9,10,4,2,2,1
373,13,15,15,12,8,7,10,10,4,2,3,4
374,13,14,14,15,5,9,6,7,0,0,1,4
375,13,15,12,14,8,8,8,9,4,4,2,1
376,15,14,13,12,8,10,8,5,0,1,0,1
377,14,15,13,15,5,7,10,8,1,3,1,1
378,15,12,14,13,7,6,5,6,4,2,1,3
379,14,14,14,14,6,10,6,8,2,1,2,3
380,15,15,13,15,10,6,5,6,3,2,0,1
381,15,12,14,13,9,5,10,7,1,0,3,2
382,15,12,15,12,6,6,10,6,1,4,4,3
383,14,11,12,12,10,6,7,9,0,4,1,0
384,12,14,11,15,7,7,10,7,2,3,3,3
385,14,11,13,12,6,10,9,7,0,0,4,1
386,11,11,12,12,6,5,9,7,0,0,0,0
387,15,14,13,12,9,5,5,7,2,2,2,1
388,14,11,11,13,5,6,8,5,2,1,2,1
389,13,14,12,14,9,8,6,8,0,3,0,1
390,11,14,14,12,5,6,7,7,3,3,2,4
391,11,12,14,13,10,5,9,10,3,4,3,2
392,12,15,13,12,7,9,7,5,2,2,0,2
393,11,14,11,12,6,6,9,8,4,2,0,0
394,13,15,15,15,9,9,6,6,1,2,1,0
395,15,15,14,11,8,6,8,10,2,2,3,0
396,14,12,13,15,8,6,9,5,2,0,1,0
397,13,11,13,11,10,6,7,7,4,0,4,0
398,12,14,13,12,6,10,7,10,4,4,1,1
399,15,15,13,13,10,10,5,7,2,0,4,3
400,12,13,12,13,10,9,10,10,0,0,0,3
401,15,14,13,11,6,10,8,8,4,1,2,1
402,13,13,13,15,6,10,10,6,3,4,3,4
403,11,11,15,15,8,9,8,6,1,0,4,0
404,11,13,15,12,8,5,5,5,1,1,3,2
405,11,14,14,12,9,10,7,8,0,2,1,4
406,14,15,13,14,9,9,9,9,0,4,0,4
407,13,14,12,14,6,9,5,10,0,0,3,3
408,13,11,11,15,7,6,6,6,0,3,2,4
409,13,14,13,12,7,8,8,8,4,1,2,4
410,13,13,11,14,7,8,5,9,3,1,0,1
411,11,15,13,15,7,5,9,7,3,3,3,4
412,15,13,14,13,7,9,8,6,0,3,4,1
413,13,12,13,13,10,8,9,7,4,4,2,0
414,12,15,12,12,10,9,5,7,2,1,0,4
415,11,12,13,15,7,7,9,7,1,2,2,4
416,14,13,15,15,8,8,6,5,0,0,4,1
417,11,11,11,14,6,7,10,8,3,2,4,3
418,15,14,12,11,6,10,6,7,0,2,1,4
419,15,15,12,13,7,10,5,8,3,4,2,4
420,11,11,13,14,10,10,9,5,4,0,1,0
421,12,15,11,14,7,6,8,7,4,4,4,0
422,12,13,15,13,6,7,10,8,2,2,4,1
423,15,14,12,12,5,9,6,8,2,3,3,1
424,11,13,15,11,9,9,8,5,0,3,0,3
425,14,12,12,12,7,10,9,10,1,2,1,1
426,14,13,15,15,8,6,5,8,4,2,3,1
427,15,12,11,12,9,6,9,6,1,3,4,1
428,13,15,14,11,6,7,7,7,4,4,1,3
429,13,13,12,13,7,8,10,10,3,0,2,0
430,14,14,12,14,10,5,9,8,4,1,0,1
431,11,12,15,15,7,8,8,6,1,1,2,4
432,12,14,11,14,5,8,5,6,3,1,0,0
433,15,14,13,15,7,5,10,6,2,4,4,1
434,12,14,14,13,7,6,9,9,2,2,3,4
435,14,11,11,11,7,7,10,7,3,1,2,3
436,13,15,14,13,6,8,7,9,3,4,2,0
437,15,11,15,11,10,6,8,10,2,3,3,4
438,12,12,12,15,6,6,10,9,0,0,4,1
439,12,13,11,11,7,8,10,10,4,4,0,3
440,13,15,15,13,8,5,6,6,0,4,0,2
441,13,11,13,12,7,6,7,10,3,0,4,0
442,15,13,13,12,8,7,10,9,3,4,3,3
443,15,13,13,15,9,10,7,9,2,1,0,2
444,12,11,15,15,8,9,8,10,2,4,2,2
445,13,11,15,12,8,6,8,5,4,1,4,4
446,13,14,12,13,9,7,7,7,2,4,3,0
447,13,11,12,12,10,8,9,8,0,3,0,0
448,12,12,12,12,7,6,5,6,1,1,2,2
449,15,14,12,11,6,6,7,7,1,0,4,0
450,14,14,12,12,10,8,10,5,1,3,0,1
451,15,15,13,15,5,6,6,10,0,3,4,4
452,12,14,13,12,10,9,7,9,0,0,1,1
453,12,11,13,15,5,10,8,8,2,0,2,0
454,11,14,11,12,5,10,8,8,4,0,1,3
455,12,15,11,15,6,6,5,9,2,1,3,3
456,14,14,14,14,5,8,10,5,3,4,4,1
457,13,13,14,14,8,6,10,7,4,3,3,0
458,15,13,12,14,5,9,9,10,1,2,4,1
459,13,15,15,13,7,9,8,7,4,4,0,2
460,13,13,15,15,6,7,6,9,0,1,0,2
461,13,12,12,13,6,7,9,5,4,0,0,2
462,12,11,15,12,10,8,7,10,3,4,4,1
463,14,12,13,13,6,9,8,5,2,1,4,1
464,11,13,11,14,6,7,5,8,0,0,4,3
465,14,15,12,12,8,8,10,8,0,3,0,2
466,12,11,13,13,9,6,6,8,3,4,4,2
467,11,13,13,13,9,7,8,8,0,1,2,3
468,14,11,13,11,7,8,10,10,1,0,0,1
469,15,11,13,13,9,6,8,7,0,2,3,3
470,15,15,14,15,10,9,6,6,4,3,0,0
471,14,12,15,14,8,9,8,5,3,3,1,4
472,15,15,14,12,8,9,5,9,3,0,4,3
473,13,14,14,14,7,8,10,8,3,3,0,2
474,12,14,15,12,8,6,6,9,2,4,0,0
475,14,15,11,11,5,10,5,9,1,0,0,2
476,11,14,14,12,7,6,9,6,4,4,1,1
477,15,11,11,13,6,5,10,5,1,0,2,1
478,12,14,15,14,10,9,8,9,3,1,4,0
479,15,13,12,13,10,10,5,6,2,3,0,3
480,11,14,12,12,10,6,9,9,4,3,3,0
481,12,13,11,15,10,9,7,8,1,4,1,4
482,11,12,13,14,9,8,5,5,3,4,1,1
483,15,11,14,14,5,7,10,5,4,0,3,0
484,12,11,11,12,5,10,9,8,4,3,1,1
485,12,14,14,12,10,9,7,10,3,0,2,4
486,15,11,12,14,7,6,6,8,3,0,0,4
487,11,14,11,14,6,5,8,9,4,4,2,0
488,11,14,13,12,9,5,10,5,3,3,3,0
489,12,14,14,14,5,5,8,8,0,4,4,3
490,15,12,14,13,9,7,10,10,3,4,1,0
491,13,11,15,12,6,9,10,10,4,0,4,3
492,14,13,13,12,5,10,6,5,4,3,1,1
493,15,14,14,12,10,6,5,10,4,4,1,1
494,13,12,15,15,9,8,8,10,1,0,3,1
495,12,13,14,14,7,8,5,9,3,2,1,2
496,13,11,14,11,10,8,8,10,3,1,3,4
497,11,14,12,15,5,10,5,6,2,1,3,1
498,11,15,12,13,7,7,8,7,2,1,0,1
499,11,14,12,12,6,10,6,10,1,1,4,2
500,15,11,12,13,8,5,6,8,1,4,4,1
501,14,12,15,14,8,8,9,7,3,1,1,0
502,14,12,14,14,10,9,10,9,4,1,3,0
503,13,11,11,14,5,8,10,7,2,0,3,4
504,14,15,11,13,6,5,10,5,0,2,3,3
505,13,13,11,14,6,10,10,9,2,1,1,1
506,14,11,13,15,8,7,10,10,0,0,2,2
507,11,15,13,14,5,10,7,9,0,1,2,0
508,14,11,12,13,9,6,10,10,3,3,3,1
509,12,12,15,11,8,6,7,9,3,1,2,0
510,14,14,11,15,9,8,10,6,4,3,2,0
511,13,11,12,11,8,9,10,9,0,3,0,0
512,11,12,13,11,9,6,10,6,2,3,1,4
513,15,15,11,14,5,8,9,5,4,1,2,3
514,14,12,14,13,9,8,10,9,1,4,1,0
515,14,13,15,13,9,8,7,5,3,4,2,3
516,13,13,13,13,9,9,10,7,1,1,3,4
517,14,15,11,11,9,6,5,8,4,2,1,4
518,15,14,15,14,10,9,9,7,0,0,2,0
519,13,13,14,12,7,6,9,8,2,4,2,0
520,15,13,11,15,10,8,9,6,3,0,1,1
521,12,13,11,13,5,6,8,7,4,3,1,2
522,15,13,13,13,5,10,7,5,4,4,2,2
523,13,11,12,13,8,7,7,7,0,3,1,0
524,14,12,12,14,6,10,7,7,1,2,4,4
525,15,13,12,13,9,10,8,9,1,2,0,4
526,14,14,13,13,8,5,9,6,0,2,3,4
527,12,12,15,11,10,10,10,8,3,3,3,3
528,12,13,13,15,7,5,8,9,2,2,4,1
529,15,12,11,15,10,8,10,8,0,4,0,0
530,15,14,14,14,5,7,9,6,2,4,4,2
531,11,14,14,15,7,7,7,8,2,2,4,0
532,12,15,14,15,7,5,10,8,4,4,3,3
533,13,15,14,11,7,7,6,7,4,3,4,2
534,15,15,15,12,5,7,10,6,0,4,2,0
535,14,11,14,11,5,10,6,8,2,1,4,2
536,15,11,11,11,9,9,5,7,0,1,3,1
537,11,13,11,13,10,7,9,10,1,4,0,3
538,14,11,12,14,5,6,7,5,2,1,3,2
539,12,12,15,11,5,7,9,9,3,4,0,1
540,12,11,12,14,10,8,5,5,2,1,0,3
541,13,11,13,13,9,7,5,6,4,1,1,0
542,15,15,15,13,8,10,6,7,1,3,4,0
543,11,15,12,15,10,10,7,9,3,4,4,3
544,14,12,13,14,5,7,10,6,2,2,2,1
545,11,15,11,14,10,6,8,5,0,0,1,3
546,12,11,11,12,7,10,10,7,1,2,4,2
547,13,15,12,11,8,9,10,7,1,3,3,1
548,15,15,13,13,5,10,10,8,4,0,1,4
549,12,12,11,13,9,5,10,6,1,3,1,3
550,11,13,12,15,5,10,10,10,3,2,0,2
551,12,12,11,14,9,7,9,9,2,1,2,4
552,11,12,12,12,7,7,5,10,3,2,1,3
553,11,13,15,15,8,10,8,7,0,2,1,3
554,14,12,14,13,8,6,10,10,1,1,4,2
555,11,15,12,12,8,8,8,7,2,2,2,2
556,11,14,11,15,6,8,6,5,1,1,4,0
557,11,14,15,12,7,8,10,5,1,3,0,4
558,14,14,12,13,10,5,6,8,3,2,4,1
559,14,12,11,15,5,8,6,8,0,4,1,2
560,13,12,12,11,8,7,10,8,0,0,1,2
561,13,15,13,12,10,8,9,8,2,1,0,1
562,11,14,14,14,5,6,9,6,2,4,3,3
563,15,14,13,15,10,6,10,5,4,2,3,4
564,11,11,12,15,6,10,9,8,2,4,1,1
565,11,11,11,12,10,8,5,7,0,1,3,0
566,11,11,15,15,6,7,9,8,1,2,2,2
567,14,11,12,15,8,5,7,6,2,0,1,3
568,13,13,15,15,7,9,10,9,3,2,2,3
569,11,12,11,12,10,9,6,7,0,0,2,0
570,14,13,15,15,10,9,6,5,1,4,3,3
571,12,12,11,14,7,5,10,8,4,4,1,2
572,15,11,11,11,8,5,10,7,1,3,1,1
573,12,11,12,12,6,9,6,9,3,0,4,4
574,12,13,13,11,5,10,8,7,0,2,0,1
575,13,15,15,13,5,8,6,6,4,1,0,2
576,15,11,12,11,5,5,7,9,3,0,1,1
577,14,13,13,13,5,7,5,9,3,2,1,3
578,13,13,11,11,10,7,6,8,2,3,3,2
579,12,13,15,15,9,10,5,7,2,1,1,3
580,13,11,11,13,10,10,9,10,3,0,1,2
581,15,13,11,11,5,5,7,8,1,4,2,1
582,12,12,13,12,10,8,9,7,1,2,2,3
583,14,13,15,12,6,8,7,5,2,2,0,1
584,11,15,15,13,7,10,5,7,3,4,2,1
585,12,14,12,15,10,5,10,9,4,2,3,3
586,13,14,13,11,7,5,6,9,1,1,0,2
587,11,12,13,12,9,10,7,7,1,0,1,1
588,11,14,12,11,5,10,8,9,4,0,4,4
589,12,11,14,13,8,9,10,8,0,4,2,2
590,13,11,13,12,10,7,8,8,1,1,0,2
591,12,14,11,14,8,5,10,8,0,3,1,4
592,12,12,11,13,5,5,5,10,3,1,2,3
593,12,12,13,15,10,7,7,6,4,1,4,3
594,11,14,13,13,6,10,8,7,3,1,1,1
595,11,13,12,15,7,10,10,10,4,4,2,3
596,14,13,12,11,8,10,8,5,2,0,0,1
597,15,15,12,11,7,8,9,9,4,0,4,0
598,15,15,11,13,8,7,7,10,1,0,1,1
599,12,13,14,14,6,8,9,7,2,4,2,2
600,14,13,11,12,10,9,9,5,1,2,1,4
601,14,13,15,12,10,7,8,7,0,4,4,1
602,14,11,11,13,9,7,8,10,4,1,4,4
603,14,14,14,15,6,7,6,6,1,3,0,3
604,13,14,11,11,8,7,10,10,2,3,4,4
605,13,11,14,13,8,5,6,10,3,0,1,1
606,14,12,13,15,6,9,6,5,4,3,2,0
607,15,13,11,13,9,7,7,8,0,0,3,2
608,13,15,13,11,6,5,10,10,2,4,2,3
609,13,12,15,14,5,9,5,6,2,0,2,2
610,14,15,11,13,10,6,6,8,2,3,4,2
611,11,13,12,12,7,7,6,6,0,3,2,1
612,15,14,14,15,9,6,10,10,2,3,0,0
613,12,13,14,14,5,10,9,10,0,4,1,3
614,13,15,12,15,6,8,9,7,0,4,2,4
615,11,11,12,12,9,10,8,8,1,2,1,1
616,14,11,11,13,7,8,7,10,3,0,0,3
617,14,15,13,13,9,5,10,9,4,3,1,2
618,13,13,13,15,10,10,10,5,1,3,0,3
619,14,15,13,14,6,5,6,9,3,4,2,3
620,15,11,13,14,7,8,9,9,4,0,2,4
621,13,14,14,14,7,9,8,7,0,3,4,0
622,15,14,15,12,7,9,8,5,1,2,3,0
623,11,11,15,11,8,6,9,10,4,2,2,3
624,12,15,12,11,8,5,7,6,3,2,4,3
625,15,12,11,12,8,7,9,5,3,4,4,0
626,14,11,11,11,7,5,9,8,2,2,3,0
627,11,15,12,15,9,7,6,10,3,0,4,0
628,12,11,15,11,7,5,7,8,2,1,2,1
629,11,12,11,11,7,9,9,9,2,0,2,3
630,12,12,13,12,6,10,5,9,4,0,0,2
631,12,11,13,12,8,9,9,8,0,2,2,4
632,15,12,13,13,7,6,7,10,2,1,0,3
633,12,14,15,14,8,8,7,6,4,2,1,4
634,15,13,15,11,10,8,6,5,4,2,0,1
635,14,14,11,15,6,7,7,10,3,3,2,1
636,11,13,12,15,8,7,8,10,0,2,1,2
637,12,12,14,12,6,8,6,10,4,1,2,1
638,13,15,15,15,7,10,6,6,2,2,4,2
639,11,13,13,13,7,10,5,7,1,1,4,1
640,15,15,14,14,10,10,9,7,3,3,0,4
641,13,15,14,11,8,8,6,7,4,2,2,3
642,14,12,15,15,8,10,8,6,3,0,3,2
643,14,14,15,12,10,9,6,7,3,3,4,0
644,12,12,13,11,8,9,10,9,4,0,1,2
645,12,12,13,11,8,7,7,7,4,1,4,2
646,15,12,15,12,6,7,5,5,0,0,3,1
647,12,14,13,15,5,6,10,5,0,1,4,2
648,12,14,12,12,10,10,6,5,0,2,1,2
649,11,14,13,15,5,8,8,6,4,0,3,1
650,11,12,14,14,10,8,8,7,0,2,1,0
651,12,14,15,12,7,5,8,7,0,3,0,4
652,13,13,12,14,8,10,8,10,0,4,0,4
653,13,12,12,11,8,10,10,8,1,2,3,3
654,11,15,12,14,10,6,5,5,0,4,4,1
655,11,12,14,11,10,7,9,10,4,4,2,3
656,13,13,14,11,7,5,8,6,2,1,4,2
657,13,11,11,14,5,9,8,10,4,2,1,0
658,14,12,14,14,6,9,10,5,3,4,4,4
659,12,13,13,15,7,5,5,6,1,3,1,1
660,13,11,14,13,8,8,5,8,4,3,4,4
661,14,13,11,11,10,8,6,6,4,3,3,0
662,15,14,13,12,8,7,6,6,4,4,3,0
663,14,12,14,14,10,7,8,6,0,0,0,1
664,14,11,15,13,7,6,6,8,4,1,3,2
665,13,15,15,12,10,10,9,8,1,0,2,2
666,14,11,13,14,8,10,10,7,3,3,4,3
667,15,14,14,11,9,7,8,7,4,3,0,1
668,14,12,13,11,8,8,7,7,2,0,1,0
669,14,13,14,11,9,5,8,7,3,2,2,0
670,11,14,11,15,7,8,8,6,3,3,1,1
671,11,11,14,14,6,5,9,8,2,4,0,0
672,12,13,12,14,9,9,10,6,3,0,0,4
673,14,11,12,13,9,5,9,6,1,2,2,2
674,14,15,13,11,8,9,5,6,0,2,3,3
675,13,13,14,12,5,5,8,10,4,1,0,4
676,12,13,13,12,6,10,9,8,1,3,4,3
677,11,13,14,14,6,9,5,7,4,0,2,2
678,15,12,14,14,6,8,9,7,1,0,2,4
679,11,14,15,14,8,6,10,5,2,3,1,0
680,13,15,12,14,9,5,10,10,2,3,0,4
681,14,15,15,14,10,7,7,6,4,4,1,2
682,13,13,15,13,5,9,8,5,1,3,4,4
683,15,15,15,12,5,7,10,7,2,4,2,2
684,14,12,14,15,6,6,10,6,3,4,3,4
685,11,14,11,14,9,5,6,5,1,4,2,3
686,11,15,12,12,5,9,7,10,3,1,3,2
687,13,15,11,12,10,10,6,8,0,2,4,2
688,13,12,13,11,9,5,7,5,3,1,2,3
689,14,15,13,12,7,5,9,7,2,2,1,2
690,14,12,14,15,6,5,6,9,0,2,3,2
691,13,14,12,12,7,8,7,10,0,3,4,3
692,15,14,11,11,7,6,6,9,1,2,3,3
693,15,15,11,13,6,6,9,9,1,1,1,4
694,15,14,12,12,8,9,6,9,3,2,0,1
695,15,15,12,15,5,10,10,10,1,2,4,0
696,13,11,12,13,10,10,8,5,0,1,0,0
697,11,11,13,15,8,7,10,8,4,3,4,2
698,12,15,13,12,10,8,7,9,2,2,1,2
699,12,15,11,13,7,10,7,7,0,0,4,2
700,11,11,15,14,5,8,8,7,4,4,0,4
701,13,11,12,12,6,9,7,8,3,1,2,4
702,15,13,13,12,6,9,8,5,1,2,3,0
703,11,13,15,12,10,7,7,6,1,1,0,2
704,14,13,11,13,7,10,9,6,4,0,0,0
705,14,15,13,14,8,6,10,6,4,1,1,3
706,13,15,15,12,6,7,8,9,4,3,4,2
707,11,11,15,15,10,6,10,9,4,3,0,4
708,11,13,13,15,9,5,7,9,1,2,0,4
709,13,12,12,12,7,5,8,6,3,4,4,3
710,12,14,11,12,10,5,7,7,1,0,2,0
711,15,11,13,14,7,8,9,7,2,0,3,1
712,14,12,15,14,9,10,8,5,3,2,2,3
713,13,13,14,12,6,8,6,9,0,1,0,1
714,14,12,11,13,9,10,7,6,0,1,1,4
715,15,12,15,14,8,5,8,10,4,0,0,1
716,14,11,11,13,7,7,8,6,2,4,3,4
717,11,15,14,13,6,9,8,9,0,4,1,2
718,12,13,14,14,8,6,8,5,3,2,0,4
719,13,12,13,11,7,9,5,10,1,4,3,4
720,14,11,15,12,10,7,7,6,1,3,2,4
721,14,12,13,13,10,5,6,6,4,3,1,4
722,14,15,11,11,8,8,6,7,0,1,4,2
723,11,15,11,13,10,8,5,10,1,2,0,4
724,15,14,13,14,9,6,9,10,2,3,1,4
725,11,14,11,11,6,10,7,8,1,1,2,0
726,11,11,14,14,7,7,6,5,1,3,0,4
727,12,11,14,14,7,10,5,9,1,3,0,1
728,14,15,13,13,6,10,6,8,3,3,4,0
729,14,11,13,11,9,6,10,6,3,0,3,0
730,11,11,13,11,8,7,8,8,2,4,0,4
731,15,11,13,14,6,8,7,5,4,2,1,3
732,15,14,13,12,9,5,9,8,3,1,4,3
733,11,14,11,12,9,7,6,8,0,4,2,0
734,11,14,15,11,10,10,7,9,2,3,1,3
735,15,12,11,15,8,9,5,8,1,3,3,3
736,12,15,13,13,9,5,5,8,3,3,1,3
737,15,12,12,14,8,5,10,6,3,1,0,1
738,12,15,11,15,5,10,8,10,3,2,4,1
739,15,13,11,13,5,9,6,8,0,3,2,1
740,13,14,11,12,8,6,5,5,3,2,1,2
741,13,15,11,15,5,6,5,6,1,3,1,4
742,13,13,11,12,7,10,7,7,3,0,2,3
743,15,15,13,12,9,9,10,5,1,0,3,2
744,15,14,14,12,8,9,6,10,2,2,3,0
745,13,11,11,13,9,8,7,5,3,3,2,2
746,13,12,15,15,6,7,10,10,2,4,0,4
747,11,13,15,11,10,8,10,9,1,4,2,2
748,14,13,15,15,6,5,5,9,2,2,0,3
749,12,14,12,13,9,8,10,7,2,3,3,2
750,13,13,14,12,10,7,6,9,4,3,4,1
751,13,12,14,14,10,6,9,7,0,1,1,4
752,14,11,11,14,9,10,9,6,2,3,0,3
753,13,11,15,12,5,9,5,10,0,2,2,1
754,14,11,15,14,10,8,9,9,4,0,0,4
755,11,15,13,15,7,5,10,5,3,0,4,0
756,11,14,12,12,9,6,9,6,0,3,3,3
757,11,14,13,11,5,9,8,5,1,0,4,3
758,15,15,13,12,7,10,5,9,4,0,2,4
759,11,14,11,12,6,9,9,9,0,3,3,3
760,14,14,13,13,8,6,8,5,4,0,3,1
761,11,14,13,12,5,5,9,6,3,2,3,1
762,14,12,14,12,8,6,8,7,3,4,3,4
763,12,14,14,14,8,8,7,8,2,3,0,2
764,15,13,11,11,10,8,8,9,2,4,0,3
765,12,15,14,14,8,8,7,10,1,2,3,3
766,14,14,11,14,9,9,7,10,1,4,3,2
767,13,14,15,14,9,7,5,9,1,0,3,3
768,15,14,13,15,5,8,6,6,4,1,0,4
769,14,13,13,11,10,10,9,10,0,3,2,0
770,13,11,13,11,6,9,6,5,2,3,0,2
771,11,13,14,14,9,9,7,8,2,3,3,0
772,15,15,14,15,5,8,7,7,2,3,2,2
773,14,12,12,14,9,9,9,8,3,1,0,0
774,12,15,15,13,9,8,10,9,0,1,1,3
775,12,12,15,11,7,6,6,5,1,0,4,1
776,12,15,12,11,5,8,10,7,0,4,3,4
777,11,15,14,15,9,9,6,9,0,3,2,1
778,11,11,12,12,5,8,8,10,3,2,1,3
779,13,13,13,15,8,10,5,6,0,4,3,4
780,13,11,12,11,7,10,7,8,0,0,0,0
781,14,12,12,15,5,10,9,9,0,4,4,3
782,14,15,13,11,10,7,9,5,0,0,3,3
783,13,12,12,15,8,6,7,9,4,4,1,1
784,12,14,14,11,5,7,8,6,0,2,1,3
785,13,13,14,12,7,7,6,6,0,2,0,0
786,13,15,13,15,9,6,7,7,3,4,0,4
787,15,15,15,12,5,8,5,9,1,1,3,2
788,13,15,11,15,9,9,10,7,1,3,1,1
789,13,15,15,15,6,7,7,7,3,4,4,4
790,12,11,11,11,6,5,6,9,0,2,3,4
791,12,15,14,11,6,10,10,8,0,3,1,0
792,13,15,11,12,6,6,8,8,1,2,0,1
793,15,15,14,15,9,5,5,6,1,1,1,3
794,14,15,11,14,5,6,5,9,3,3,3,1
795,14,13,13,13,9,9,10,10,0,0,2,4
796,11,12,14,11,5,10,6,5,1,1,3,1
797,13,11,11,14,8,7,5,6,0,1,2,1
798,11,12,12,12,6,6,6,5,4,1,1,0
799,15,14,13,15,8,8,5,10,3,0,2,2
800,13,13,11,15,7,9,5,10,1,0,2,0
801,12,11,13,15,8,10,7,9,3,4,0,3
802,13,15,12,13,10,5,6,7,1,2,4,0
803,15,12,12,15,10,9,7,6,4,1,3,0
804,11,14,12,11,6,8,6,6,4,1,1,2
805,15,12,13,12,8,9,7,9,0,0,3,0
806,14,14,13,14,9,9,8,5,4,4,3,3
807,12,14,14,13,5,5,6,10,2,2,2,0
808,13,11,13,11,8,9,5,10,0,0,2,2
809,13,13,12,11,7,10,5,6,0,1,2,2
810,11,13,11,11,6,5,10,6,1,1,1,1
811,13,12,11,11,6,8,10,10,4,3,2,4
812,13,13,14,11,9,9,9,5,0,0,1,1
813,12,11,14,12,10,9,10,5,2,0,2,1
814,15,14,13,12,10,10,9,5,2,2,4,4
815,14,11,14,15,6,6,6,10,1,4,4,1
816,12,14,15,15,7,7,7,10,1,4,0,0
817,15,11,12,12,9,5,7,6,4,2,2,0
818,12,13,15,14,7,5,9,8,0,2,2,2
819,14,13,12,11,8,7,7,9,3,2,4,1
820,14,14,14,14,9,7,8,8,0,1,4,0
821,14,12,15,14,10,8,7,6,4,1,1,3
822,13,11,11,14,5,8,5,8,4,1,2,3
823,11,13,12,14,8,9,9,7,2,1,0,0
824,14,11,11,13,10,10,5,7,3,1,0,1
825,14,12,15,15,6,10,5,5,4,4,2,0
826,15,11,14,13,6,10,7,6,0,2,0,4
827,13,12,13,12,5,7,10,10,4,3,0,1
828,11,11,11,11,6,7,8,9,2,2,0,1
829,15,12,15,15,9,10,9,6,3,3,0,2
830,14,14,12,11,10,6,9,10,0,2,1,3
831,15,11,13,12,9,9,7,7,3,0,4,3
832,13,15,12,11,6,5,5,8,4,1,1,2
833,15,12,15,15,10,6,6,7,0,3,1,3
834,15,11,14,13,7,9,7,9,4,2,2,1
835,11,14,13,13,7,7,9,8,1,4,0,0
836,13,14,13,15,5,10,10,7,2,1,0,2
837,14,12,12,11,10,7,7,10,3,0,4,0
838,14,11,14,13,8,7,9,10,2,2,3,2
839,12,12,14,11,5,5,8,8,3,3,0,4
840,11,14,12,11,7,10,6,10,1,1,3,4
841,11,14,15,13,10,5,6,6,4,4,3,2
842,11,13,13,12,6,6,8,7,4,0,3,2
843,14,15,15,15,5,5,10,10,3,1,0,4
844,11,11,14,11,9,8,9,7,0,0,2,0
845,15,13,14,13,6,8,7,5,0,1,3,4
846,15,12,14,13,7,8,6,10,0,2,4,1
847,13,11,11,13,10,5,6,10,0,0,3,1
848,15,14,12,13,7,5,7,5,0,3,3,2
849,15,14,12,13,8,10,8,9,3,2,0,2
850,14,15,13,13,7,5,7,7,1,4,4,2
851,12,14,12,11,9,9,8,8,1,1,2,3
852,13,14,12,12,8,5,5,10,1,4,3,0
853,12,14,13,15,10,9,9,7,4,1,3,4
854,13,14,14,15,10,6,7,7,1,3,4,4
855,14,14,11,11,7,9,9,10,0,1,2,1
856,14,11,12,13,9,5,6,9,1,1,2,0
857,12,11,13,15,8,7,6,6,1,4,3,2
858,14,11,14,12,9,8,5,8,2,1,3,1
859,15,11,14,15,5,8,9,6,3,4,2,1
860,13,13,15,14,9,5,6,6,0,1,4,4
861,11,15,15,13,7,5,9,10,4,0,2,1
862,15,13,15,15,10,9,8,8,3,4,3,3
863,15,11,13,12,9,10,5,9,1,3,1,3
864,13,13,15,13,9,5,7,7,0,2,3,3
865,13,15,12,12,8,8,9,8,3,4,1,0
866,15,14,15,13,5,10,9,9,3,2,3,1
867,11,12,12,14,8,10,10,8,3,2,0,4
868,12,14,11,15,10,6,5,9,1,3,0,2
869,15,12,12,15,7,8,7,10,3,1,1,4
870,15,15,12,14,6,10,10,5,2,3,0,3
871,14,11,12,12,7,5,5,6,0,1,2,4
872,14,13,13,12,9,7,5,8,0,2,3,1
873,12,11,14,11,8,9,9,6,4,2,1,4
874,13,15,11,13,7,6,10,10,3,2,3,0
875,14,13,14,15,6,6,5,5,1,2,1,2
876,12,11,12,14,8,10,10,8,0,3,1,0
877,14,13,14,12,7,7,6,5,0,2,3,2
878,13,14,12,14,9,5,5,7,0,2,3,0
879,11,14,12,14,6,5,9,5,3,4,4,4
880,11,14,14,14,6,7,7,5,2,1,0,1
881,13,12,15,11,10,9,5,9,1,2,2,4
882,14,11,11,15,9,9,9,9,0,4,0,2
883,12,12,13,15,10,9,7,8,0,2,1,3
884,14,13,11,11,5,8,6,5,0,3,1,4
885,15,11,15,14,10,10,6,5,4,0,1,0
886,12,11,12,11,9,9,6,9,4,3,4,2
887,14,13,13,14,9,7,5,5,0,1,3,0
888,14,12,13,11,10,6,5,7,0,3,0,3
889,14,12,13,11,10,10,7,9,4,2,2,2
890,14,13,14,12,8,9,7,7,4,1,3,4
891,13,11,12,13,7,8,10,9,2,2,4,3
892,14,15,15,14,10,10,6,8,0,3,0,2
893,14,15,11,12,6,5,9,8,3,3,3,2
894,11,15,13,13,5,6,8,10,1,3,2,2
895,12,11,12,12,6,9,7,5,0,2,4,3
896,11,12,12,13,9,10,5,10,1,4,2,2
897,11,14,12,13,10,7,6,8,4,4,4,3
898,12,11,15,11,7,8,8,10,4,1,0,3
899,14,14,14,13,10,10,7,9,1,1,0,0
900,13,13,13,15,8,9,5,9,1,3,1,2
901,14,13,15,15,7,9,5,10,4,3,4,4
902,13,14,11,14,7,5,6,6,2,2,4,3
903,13,15,15,11,7,8,8,7,0,3,4,2
904,13,13,14,11,8,5,10,6,1,0,0,4
905,11,11,13,11,6,9,5,6,1,2,2,0
906,15,14,14,15,10,7,9,5,1,4,4,1
907,13,14,13,13,8,10,6,6,1,3,1,0
908,15,11,14,11,5,7,8,9,3,4,1,1
909,12,12,11,12,7,9,9,5,3,0,2,4
910,15,15,15,15,6,7,7,7,1,0,2,4
911,15,14,12,12,5,6,10,7,3,0,2,0
912,14,15,15,12,9,9,6,8,3,2,0,1
913,15,12,14,14,5,5,9,6,3,0,2,0
914,13,12,14,14,6,5,10,10,2,1,4,2
915,15,13,12,14,9,10,5,10,2,2,4,1
916,14,14,13,13,5,7,7,8,1,2,1,0
917,15,15,14,12,10,10,6,10,0,1,3,4
918,12,12,15,13,8,7,8,7,2,2,0,0
919,12,15,13,13,10,10,9,5,1,3,1,1
920,13,11,13,13,9,6,10,7,3,2,4,3
921,15,15,15,14,6,8,5,7,3,4,3,2
922,12,12,11,12,10,9,9,7,4,2,1,4
923,14,12,11,14,6,5,6,10,0,3,2,0
924,12,15,15,13,8,9,6,6,2,0,1,1
925,11,11,12,12,6,8,7,10,4,2,2,3
926,12,11,12,11,8,6,5,9,0,1,2,3
927,12,15,12,13,10,7,7,9,3,0,4,3
928,11,15,15,15,7,9,9,6,3,2,4,1
929,13,11,11,11,6,5,7,6,1,1,4,4
930,13,11,14,14,9,5,8,6,1,1,1,2
931,15,13,14,12,9,5,8,10,2,1,4,4
932,13,13,11,13,7,7,9,8,0,2,2,4
933,14,12,15,12,8,7,5,5,1,0,0,2
934,15,12,13,14,5,5,9,6,3,4,4,1
935,14,12,12,14,9,7,7,7,4,4,3,1
936,11,13,11,15,8,10,9,6,4,1,4,4
937,11,11,11,15,6,8,7,7,0,2,0,4
938,11,14,15,12,9,6,6,8,3,0,3,2
939,12,12,15,14,8,9,6,7,4,1,4,2
940,15,11,12,12,5,7,8,9,4,3,1,4
941,15,12,12,12,8,5,10,5,2,3,3,2
942,15,13,11,11,7,7,10,8,4,1,0,0
943,13,13,13,11,6,10,6,9,4,3,3,3
944,15,14,13,14,6,9,9,5,3,3,0,1
945,11,12,15,11,9,7,6,9,0,2,2,1
946,12,11,13,12,7,10,7,7,1,3,2,1
947,12,11,15,11,10,6,6,10,0,2,2,4
948,13,12,11,13,10,9,9,6,2,4,3,3
949,14,12,14,13,6,9,10,9,3,0,2,2
950,12,12,14,13,9,8,6,9,2,0,3,4
951,12,13,11,12,6,10,10,6,1,2,2,3
952,15,14,11,11,5,8,10,9,1,0,1,3
953,12,15,13,12,9,6,8,7,3,3,1,4
954,11,12,12,15,8,7,8,8,3,4,3,0
955,12,13,12,14,7,10,6,9,2,2,4,4
956,11,14,11,15,10,6,10,6,2,2,1,3
957,15,11,14,13,8,10,10,6,1,0,2,4
958,12,12,14,13,10,7,9,5,4,4,2,2
959,12,12,11,14,7,7,5,9,1,4,2,0
960,15,13,12,12,5,7,7,10,3,2,4,1
961,12,11,13,12,8,8,7,6,2,0,0,2
962,15,12,12,12,10,7,5,9,0,3,0,0
963,14,13,12,13,10,10,8,9,2,3,4,2
964,13,13,13,13,7,10,8,5,1,4,3,3
965,13,14,14,12,9,7,10,10,1,3,1,4
966,14,12,14,15,6,5,10,6,2,3,1,1
967,12,12,12,14,7,7,6,5,1,3,3,2
968,15,15,15,15,9,8,6,8,3,1,2,3
969,13,13,15,11,9,6,5,6,4,2,3,1
970,13,11,14,15,10,7,7,6,3,2,4,4
971,14,14,15,12,9,9,8,5,1,4,3,2
972,12,14,11,15,8,10,5,10,2,2,4,4
973,13,11,12,12,7,7,6,5,1,2,3,2
974,13,13,11,12,10,5,10,5,2,3,3,1
975,13,14,12,14,8,10,10,5,4,3,4,0
976,13,11,11,15,8,5,9,5,3,1,3,4
977,13,15,12,15,10,10,10,6,3,1,2,4
978,14,11,14,14,8,9,9,8,0,4,0,1
979,13,11,12,15,7,10,8,8,2,1,4,1
980,13,14,15,11,5,6,10,5,0,1,3,4
981,15,13,14,15,7,6,6,10,4,2,4,0
982,15,11,15,12,8,10,8,6,4,0,1,1
983,11,12,15,13,10,8,8,10,3,2,4,3
984,11,11,13,13,6,10,6,7,1,3,2,3
985,13,12,12,14,5,5,9,6,1,0,2,3
986,15,15,14,12,6,9,9,8,3,0,0,0
987,15,14,11,15,6,5,8,7,2,1,3,0
988,12,11,11,15,7,6,5,9,2,2,3,1
989,11,12,13,15,7,6,7,7,1,0,1,2
990,12,15,12,11,5,9,5,8,1,4,0,0
991,14,14,11,12,7,10,5,8,4,2,3,2
992,14,13,15,13,9,5,8,8,1,2,0,4
993,15,12,14,14,10,10,7,8,0,4,2,3
994,12,14,11,13,7,6,6,5,0,2,0,3
995,12,15,13,13,8,5,6,9,2,1,3,2
996,15,14,14,11,7,6,10,6,2,0,1,3
997,12,14,13,12,5,8,8,9,3,3,3,1
998,14,13,15,15,9,9,5,7,1,1,2,3
999,13,11,13,14,6,5,8,5,4,4,1,0
1000,12,11,14,11,8,9,10,8,4,1,4,4
